{"cameraMode":{"drawMode":0,"name":"Shaded","section":"Shading Mode"},"sceneLighting":false,"audioPlay":false,"sceneViewState":{"m_AlwaysRefresh":false,"showFog":true,"showSkybox":false,"showFlares":true,"showImageEffects":true,"showParticleSystems":true,"showVisualEffectGraphs":true,"m_FxEnabled":true},"in2DMode":false,"pivot":{"x":0.059110403060913089,"y":0.10028894990682602,"z":-0.0683281421661377},"rotation":{"x":0.005358783528208733,"y":-0.9215946197509766,"z":0.012727947905659676,"w":0.3879282772541046},"size":0.8660253882408142,"orthographic":false}